{"cameraMode":{"drawMode":0,"name":"Shaded","section":"Shading Mode"},"sceneLighting":true,"audioPlay":false,"sceneViewState":{"showFog":true,"showMaterialUpdate":true,"showSkybox":false,"showFlares":true,"showImageEffects":true,"showParticleSystems":true},"in2DMode":false,"pivot":{"x":8.555846214294434,"y":1.9888222217559815,"z":6.858425617218018},"rotation":{"x":0.3523961007595062,"y":0.20209743082523347,"z":-0.0782255083322525,"w":0.910414457321167},"size":0.4925581216812134,"orthographic":false}